{"stats":{"minecraft:custom":{"minecraft:time_since_rest":443643,"minecraft:sprint_one_cm":158348,"minecraft:walk_one_cm":946535,"minecraft:mob_kills":3,"minecraft:drop":21,"minecraft:damage_dealt":618,"minecraft:fly_one_cm":1469412,"minecraft:open_chest":6,"minecraft:crouch_one_cm":45076,"minecraft:play_time":452418,"minecraft:deaths":7,"minecraft:sneak_time":31085,"minecraft:walk_under_water_one_cm":712,"minecraft:jump":2571,"minecraft:leave_game":27,"minecraft:walk_on_water_one_cm":1656,"minecraft:time_since_death":443569,"minecraft:total_world_time":871755,"minecraft:fall_one_cm":1873},"minecraft:used":{"minecraft:glass":104,"minecraft:oak_log":38,"minecraft:dark_oak_stairs":75,"minecraft:lever":1,"minecraft:acacia_slab":6,"minecraft:flint_and_steel":4,"minecraft:spruce_button":3,"minecraft:lantern":2,"minecraft:iron_block":171,"minecraft:grass_block":490,"minecraft:redstone":9,"minecraft:oak_button":2,"minecraft:oak_sign":8,"minecraft:spruce_pressure_plate":6,"minecraft:copper_block":181,"minecraft:chest":1,"minecraft:spruce_planks":142,"minecraft:stone":6,"minecraft:dark_oak_slab":40,"minecraft:spruce_trapdoor":1,"minecraft:redstone_block":195,"minecraft:cherry_button":5,"minecraft:grass":1,"minecraft:bedrock":455,"minecraft:torch":62,"minecraft:coal_block":548,"minecraft:diamond_block":1287,"minecraft:dirt":656,"minecraft:emerald_block":491,"minecraft:tnt":4,"minecraft:spruce_stairs":1,"minecraft:chain_command_block":8,"minecraft:repeating_command_block":8,"minecraft:gold_block":358,"minecraft:acacia_planks":52,"minecraft:spruce_fence":1,"minecraft:netherite_sword":6,"minecraft:sticky_piston":1,"minecraft:dark_oak_planks":3,"minecraft:crimson_button":2},"minecraft:dropped":{"minecraft:gold_block":2,"minecraft:iron_block":2,"minecraft:emerald_block":2,"minecraft:diamond_block":6,"minecraft:copper_block":3,"minecraft:grass_block":2,"minecraft:coal_block":2,"minecraft:redstone_block":2},"minecraft:picked_up":{"minecraft:spruce_pressure_plate":1,"minecraft:redstone_block":5,"minecraft:azure_bluet":2,"minecraft:emerald_block":59,"minecraft:copper_block":6,"minecraft:leather":1,"minecraft:torch":12,"minecraft:dandelion":3,"minecraft:gold_block":105,"minecraft:porkchop":4,"minecraft:diamond_block":80,"minecraft:cornflower":1,"minecraft:dirt":257,"minecraft:oak_sign":1,"minecraft:wheat_seeds":8,"minecraft:iron_block":23,"minecraft:spruce_button":2,"minecraft:poppy":2,"minecraft:oak_button":1,"minecraft:coal_block":5,"minecraft:cherry_button":2,"minecraft:oxeye_daisy":1},"minecraft:killed":{"minecraft:horse":1,"minecraft:pig":2},"minecraft:mined":{"minecraft:dirt":2}},"DataVersion":3465}