{"stats":{"minecraft:picked_up":{"minecraft:gold_block":52,"minecraft:iron_block":4,"minecraft:redstone_block":4,"minecraft:diamond_block":2,"minecraft:dirt":24},"minecraft:custom":{"minecraft:jump":97,"minecraft:time_since_rest":30568,"minecraft:crouch_one_cm":2055,"minecraft:leave_game":4,"minecraft:play_time":30568,"minecraft:sprint_one_cm":951,"minecraft:walk_one_cm":34150,"minecraft:time_since_death":30568,"minecraft:sneak_time":2804,"minecraft:total_world_time":115773,"minecraft:fly_one_cm":212013},"minecraft:used":{"minecraft:repeating_command_block":1,"minecraft:bedrock":2,"minecraft:dirt":6,"minecraft:cherry_button":1,"minecraft:iron_block":17,"minecraft:grass_block":128}},"DataVersion":3465}