{"stats":{"minecraft:mined":{"minecraft:dirt":2},"minecraft:killed":{"minecraft:horse":1,"minecraft:pig":2},"minecraft:custom":{"minecraft:time_since_rest":41067,"minecraft:crouch_one_cm":3021,"minecraft:sprint_one_cm":29741,"minecraft:play_time":49842,"minecraft:deaths":7,"minecraft:walk_one_cm":104054,"minecraft:sneak_time":2259,"minecraft:mob_kills":3,"minecraft:jump":358,"minecraft:damage_dealt":522,"minecraft:leave_game":5,"minecraft:time_since_death":40993,"minecraft:total_world_time":99333,"minecraft:fall_one_cm":1873,"minecraft:fly_one_cm":209188},"minecraft:picked_up":{"minecraft:azure_bluet":2,"minecraft:leather":1,"minecraft:wheat_seeds":5,"minecraft:torch":1,"minecraft:dandelion":3,"minecraft:porkchop":4,"minecraft:poppy":2,"minecraft:cornflower":1,"minecraft:dirt":160,"minecraft:oxeye_daisy":1},"minecraft:used":{"minecraft:netherite_sword":6,"minecraft:bedrock":117,"minecraft:glass":76,"minecraft:torch":3,"minecraft:dirt":521,"minecraft:flint_and_steel":4,"minecraft:tnt":4,"minecraft:iron_block":1,"minecraft:grass_block":5}},"DataVersion":3465}