{"stats":{"minecraft:picked_up":{"minecraft:spruce_pressure_plate":1,"minecraft:redstone_block":2,"minecraft:azure_bluet":2,"minecraft:emerald_block":56,"minecraft:copper_block":3,"minecraft:leather":1,"minecraft:torch":12,"minecraft:dandelion":3,"minecraft:gold_block":102,"minecraft:porkchop":4,"minecraft:diamond_block":77,"minecraft:cornflower":1,"minecraft:dirt":241,"minecraft:oak_sign":1,"minecraft:wheat_seeds":8,"minecraft:iron_block":20,"minecraft:spruce_button":2,"minecraft:poppy":2,"minecraft:oak_button":1,"minecraft:coal_block":2,"minecraft:cherry_button":2,"minecraft:oxeye_daisy":1},"minecraft:custom":{"minecraft:time_since_rest":416781,"minecraft:sprint_one_cm":142745,"minecraft:walk_one_cm":881949,"minecraft:mob_kills":3,"minecraft:drop":21,"minecraft:damage_dealt":618,"minecraft:fly_one_cm":1355973,"minecraft:open_chest":6,"minecraft:crouch_one_cm":39737,"minecraft:play_time":425556,"minecraft:deaths":7,"minecraft:sneak_time":28336,"minecraft:walk_under_water_one_cm":712,"minecraft:jump":2372,"minecraft:leave_game":23,"minecraft:walk_on_water_one_cm":1656,"minecraft:time_since_death":416707,"minecraft:total_world_time":838975,"minecraft:fall_one_cm":1873},"minecraft:mined":{"minecraft:dirt":2},"minecraft:used":{"minecraft:glass":76,"minecraft:oak_log":38,"minecraft:dark_oak_stairs":75,"minecraft:lever":1,"minecraft:acacia_slab":6,"minecraft:flint_and_steel":4,"minecraft:spruce_button":3,"minecraft:lantern":2,"minecraft:iron_block":124,"minecraft:grass_block":312,"minecraft:redstone":9,"minecraft:oak_button":2,"minecraft:oak_sign":8,"minecraft:spruce_pressure_plate":6,"minecraft:copper_block":175,"minecraft:chest":1,"minecraft:spruce_planks":141,"minecraft:stone":6,"minecraft:dark_oak_slab":40,"minecraft:spruce_trapdoor":1,"minecraft:redstone_block":191,"minecraft:cherry_button":5,"minecraft:grass":1,"minecraft:bedrock":455,"minecraft:torch":60,"minecraft:coal_block":368,"minecraft:diamond_block":1108,"minecraft:dirt":656,"minecraft:emerald_block":445,"minecraft:tnt":4,"minecraft:spruce_stairs":1,"minecraft:gold_block":317,"minecraft:acacia_planks":52,"minecraft:spruce_fence":1,"minecraft:netherite_sword":6,"minecraft:sticky_piston":1,"minecraft:dark_oak_planks":3,"minecraft:crimson_button":2},"minecraft:dropped":{"minecraft:gold_block":2,"minecraft:iron_block":2,"minecraft:emerald_block":2,"minecraft:diamond_block":6,"minecraft:copper_block":3,"minecraft:grass_block":2,"minecraft:coal_block":2,"minecraft:redstone_block":2},"minecraft:killed":{"minecraft:horse":1,"minecraft:pig":2}},"DataVersion":3465}