{"stats":{"minecraft:killed":{"minecraft:horse":1,"minecraft:pig":2},"minecraft:custom":{"minecraft:time_since_rest":277495,"minecraft:sprint_one_cm":86619,"minecraft:walk_one_cm":539841,"minecraft:mob_kills":3,"minecraft:drop":4,"minecraft:damage_dealt":618,"minecraft:fly_one_cm":855100,"minecraft:open_chest":1,"minecraft:crouch_one_cm":25868,"minecraft:play_time":286270,"minecraft:deaths":7,"minecraft:sneak_time":18769,"minecraft:walk_under_water_one_cm":712,"minecraft:jump":1323,"minecraft:leave_game":10,"minecraft:walk_on_water_one_cm":1656,"minecraft:time_since_death":277421,"minecraft:total_world_time":534344,"minecraft:fall_one_cm":1873},"minecraft:dropped":{"minecraft:diamond_block":2,"minecraft:copper_block":1,"minecraft:grass_block":1},"minecraft:used":{"minecraft:oak_log":37,"minecraft:sticky_piston":1,"minecraft:glass":76,"minecraft:dark_oak_planks":3,"minecraft:dark_oak_stairs":75,"minecraft:lever":1,"minecraft:netherite_sword":6,"minecraft:flint_and_steel":4,"minecraft:lantern":2,"minecraft:iron_block":52,"minecraft:grass_block":296,"minecraft:redstone":1,"minecraft:spruce_button":3,"minecraft:oak_button":1,"minecraft:oak_sign":7,"minecraft:copper_block":60,"minecraft:chest":1,"minecraft:spruce_planks":133,"minecraft:stone":6,"minecraft:dark_oak_slab":40,"minecraft:redstone_block":124,"minecraft:grass":1,"minecraft:bedrock":384,"minecraft:torch":49,"minecraft:coal_block":162,"minecraft:diamond_block":305,"minecraft:dirt":640,"minecraft:emerald_block":52,"minecraft:tnt":4,"minecraft:gold_block":46,"minecraft:acacia_planks":33,"minecraft:spruce_fence":1},"minecraft:mined":{"minecraft:dirt":2},"minecraft:picked_up":{"minecraft:azure_bluet":2,"minecraft:copper_block":1,"minecraft:leather":1,"minecraft:torch":3,"minecraft:dandelion":3,"minecraft:porkchop":4,"minecraft:diamond_block":21,"minecraft:cornflower":1,"minecraft:dirt":192,"minecraft:wheat_seeds":8,"minecraft:spruce_button":2,"minecraft:poppy":2,"minecraft:oxeye_daisy":1}},"DataVersion":3465}