{"stats":{"minecraft:killed":{"minecraft:horse":1,"minecraft:pig":2},"minecraft:picked_up":{"minecraft:spruce_pressure_plate":1,"minecraft:redstone_block":2,"minecraft:azure_bluet":2,"minecraft:emerald_block":2,"minecraft:copper_block":3,"minecraft:leather":1,"minecraft:torch":12,"minecraft:dandelion":3,"minecraft:gold_block":2,"minecraft:porkchop":4,"minecraft:diamond_block":76,"minecraft:cornflower":1,"minecraft:dirt":241,"minecraft:oak_sign":1,"minecraft:wheat_seeds":8,"minecraft:iron_block":2,"minecraft:spruce_button":2,"minecraft:poppy":2,"minecraft:oak_button":1,"minecraft:coal_block":2,"minecraft:cherry_button":2,"minecraft:oxeye_daisy":1},"minecraft:dropped":{"minecraft:gold_block":2,"minecraft:iron_block":2,"minecraft:emerald_block":2,"minecraft:diamond_block":5,"minecraft:copper_block":3,"minecraft:grass_block":2,"minecraft:coal_block":2,"minecraft:redstone_block":2},"minecraft:custom":{"minecraft:time_since_rest":384531,"minecraft:sprint_one_cm":128681,"minecraft:walk_one_cm":786142,"minecraft:mob_kills":3,"minecraft:drop":20,"minecraft:damage_dealt":618,"minecraft:fly_one_cm":1249148,"minecraft:open_chest":6,"minecraft:crouch_one_cm":36072,"minecraft:play_time":393306,"minecraft:deaths":7,"minecraft:sneak_time":26538,"minecraft:walk_under_water_one_cm":712,"minecraft:jump":1858,"minecraft:leave_game":21,"minecraft:walk_on_water_one_cm":1656,"minecraft:time_since_death":384457,"minecraft:total_world_time":720641,"minecraft:fall_one_cm":1873},"minecraft:used":{"minecraft:glass":76,"minecraft:oak_log":38,"minecraft:dark_oak_stairs":75,"minecraft:lever":1,"minecraft:acacia_slab":6,"minecraft:flint_and_steel":4,"minecraft:spruce_button":3,"minecraft:lantern":2,"minecraft:iron_block":92,"minecraft:grass_block":312,"minecraft:redstone":9,"minecraft:oak_button":2,"minecraft:oak_sign":8,"minecraft:spruce_pressure_plate":6,"minecraft:copper_block":166,"minecraft:chest":1,"minecraft:spruce_planks":141,"minecraft:stone":6,"minecraft:dark_oak_slab":40,"minecraft:spruce_trapdoor":1,"minecraft:redstone_block":174,"minecraft:cherry_button":4,"minecraft:grass":1,"minecraft:bedrock":455,"minecraft:torch":60,"minecraft:coal_block":353,"minecraft:diamond_block":452,"minecraft:dirt":656,"minecraft:emerald_block":85,"minecraft:tnt":4,"minecraft:spruce_stairs":1,"minecraft:gold_block":80,"minecraft:acacia_planks":52,"minecraft:spruce_fence":1,"minecraft:netherite_sword":6,"minecraft:sticky_piston":1,"minecraft:dark_oak_planks":3,"minecraft:crimson_button":2},"minecraft:mined":{"minecraft:dirt":2}},"DataVersion":3465}